GeoUID,Type,Region Name,Area (sq km),Population,Dwellings,Households,CD_UID,PR_UID,CMA_UID,v_CA21_4290: Spending 30% or more of income on shelter costs,v_CA21_4289: Spending less than 30% of income on shelter costs,v_CA21_4309: Median monthly shelter costs for owned dwellings ($) (59),v_CA21_4317: Median monthly shelter costs for rented dwellings ($) (59)
3501005,CSD,South Glengarry (TP),605.0159,13330,5848,5431,3501,35,,660,4500,1010,850
3501007,CSD,Akwesasne (Part) 59 (IRI),11.8096,0,0,0,3501,35,,NA,NA,NA,NA
3501011,CSD,South Stormont (TP),447.7113,13570,5583,5412,3501,35,35501,570,4725,1020,1050
3501012,CSD,Cornwall (CY),61.5044,47845,22214,21386,3501,35,35501,4705,16605,900,880
3501020,CSD,South Dundas (MU),521.5418,11044,4821,4651,3501,35,,625,3860,890,890
3501030,CSD,North Dundas (TP),502.4055,11304,4673,4537,3501,35,,555,3730,1270,950
3501042,CSD,North Stormont (TP),515.464,7400,2949,2853,3501,35,,350,2335,1120,950
3501050,CSD,North Glengarry (TP),643.4009,10144,4714,4422,3501,35,,685,3505,830,860
3502001,CSD,East Hawkesbury (TP),235.0642,3418,1507,1425,3502,35,,235,1120,1020,750
3502008,CSD,Hawkesbury (T),10.0965,10194,5308,5080,3502,35,502,1105,3970,870,810
3502010,CSD,Champlain (TP),207.0178,8665,3964,3750,3502,35,,470,3205,910,800
3502023,CSD,Alfred and Plantagenet (TP),391.7865,9949,4297,4080,3502,35,,675,3285,1210,990
3502025,CSD,The Nation / La Nation (M),658.9268,13350,5259,5104,3502,35,,645,4240,1420,1090
3502036,CSD,Clarence-Rockland (C),297.4659,26505,10316,10095,3502,35,505,1400,8620,1560,1140
3502044,CSD,Casselman (VL),5.128,3960,1630,1578,3502,35,,245,1330,1400,1010
3502048,CSD,Russell (TP),198.7812,19598,7335,7226,3502,35,505,845,6305,1740,1240
3506008,CSD,Ottawa (CV),2788.1967,1017449,427113,407252,3506,35,505,81575,323340,1560,1380
3507004,CSD,Edwardsburgh/Cardinal (TP),309.914,7505,3285,3138,3507,35,,405,2675,1120,1010
3507006,CSD,Augusta (TP),313.7729,7386,3046,2952,3507,35,,300,2595,1030,1030
3507008,CSD,Prescott (T),4.937,4078,1993,1889,3507,35,,415,1480,950,950
3507014,CSD,Elizabethtown-Kitley (TP),555.9599,9545,4029,3791,3507,35,35512,420,3230,960,1050
3507015,CSD,Brockville (CY),20.9072,22116,11088,10647,3507,35,35512,2355,8265,950,960
3507017,CSD,Front of Yonge (TP),125.2542,2595,1208,1073,3507,35,,155,875,980,890
3507021,CSD,Leeds and the Thousand Islands (TP),608.0873,9804,5040,3994,3507,35,,510,3375,1080,850
3507024,CSD,Gananoque (T),7.0051,5383,2767,2562,3507,35,,580,1970,1100,1000
3507033,CSD,Westport (VL),2.1936,634,359,334,3507,35,,85,250,940,900
3507040,CSD,Rideau Lakes (TP),711.808,10883,6781,4696,3507,35,,580,4000,870,870
3507042,CSD,Athens (TP),129.5379,3042,1325,1214,3507,35,,115,1080,860,800
3507052,CSD,Merrickville-Wolford (VL),214.3308,3135,1392,1290,3507,35,,210,1015,1250,960
3507065,CSD,North Grenville (MU),351.8995,17964,7244,7038,3507,35,505,945,6005,1420,1350
3509001,CSD,Montague (TP),278.4703,3914,1551,1503,3509,35,,175,1280,1270,1320
3509004,CSD,Smiths Falls (T),9.659,9254,4523,4311,3509,35,,1105,3185,1040,1000
3509010,CSD,Drummond/North Elmsley (TP),365.6714,8183,3708,3287,3509,35,,360,2820,1070,1050
3509015,CSD,Tay Valley (TP),528.6749,5925,3750,2419,3509,35,,305,2015,830,1000
3509021,CSD,Perth (T),12.2102,6469,3395,3271,3509,35,,750,2525,800,970
3509024,CSD,Beckwith (TP),239.3122,9021,3523,3371,3509,35,505,385,2935,1660,900
3509028,CSD,Carleton Place (T),9.9385,12517,5341,5210,3509,35,505,1130,4060,1470,1410
3509030,CSD,Mississippi Mills (T),511.2485,14740,6241,6043,3509,35,505,830,5035,1290,1100
3509039,CSD,Lanark Highlands (TP),1031.5228,5737,3409,2494,3509,35,,370,2060,980,990
3510005,CSD,Frontenac Islands (TP),176.8162,1930,1212,903,3510,35,35521,105,770,920,1000
3510010,CSD,Kingston (CY),451.5833,132485,63095,57836,3510,35,35521,14380,43060,1310,1250
3510020,CSD,South Frontenac (TP),948.0507,20188,9503,7937,3510,35,35521,890,6875,1220,960
3510035,CSD,Central Frontenac (TP),991.4067,4892,3618,2177,3510,35,,320,1820,840,760
3510045,CSD,North Frontenac (TP),1157.9656,2285,2798,1131,3510,35,,130,995,604,800
3511005,CSD,Loyalist (TP),342.7183,17943,7145,6830,3511,35,35521,1105,5660,1390,1120
3511015,CSD,Greater Napanee (T),462.3029,16879,7461,6868,3511,35,,1310,5435,1090,1020
3511030,CSD,Stone Mills (TP),693.7087,7826,3436,3071,3511,35,,310,2600,1120,830
3511035,CSD,Addington Highlands (TP),1293.9905,2534,2052,1122,3511,35,,210,890,695,800
3512001,CSD,Tyendinaga (TP),312.422,4538,1730,1650,3512,35,35522,170,1380,1200,890
3512002,CSD,Deseronto (T),2.5191,1747,803,723,3512,35,,145,570,1120,840
3512004,CSD,Tyendinaga Mohawk Territory (IRI),72.0182,2535,1170,1031,3512,35,,0,0,NA,NA
3512005,CSD,Belleville (CY),247.1474,55071,24582,23536,3512,35,35522,5235,18195,1130,1070
3512015,CSD,Quinte West (CY),495.4493,46560,19888,19056,3512,35,35522,2820,16055,1060,1000
3512020,CSD,Stirling-Rawdon (TP),282.4797,5015,2074,1971,3512,35,35522,295,1575,1100,940
3512026,CSD,Centre Hastings (MU),222.791,4801,2180,1939,3512,35,,355,1520,1100,940
3512030,CSD,Tweed (MU),918.6062,6067,3042,2591,3512,35,,415,2085,785,930
3512036,CSD,Madoc (TP),274.5829,2233,934,868,3512,35,,130,685,860,1210
3512046,CSD,Marmora and Lake (MU),538.2434,4267,2578,1887,3512,35,,360,1500,840,920
3512048,CSD,Tudor and Cashel (TP),433.3073,740,758,352,3512,35,,70,285,596,NA
3512051,CSD,Limerick (TP),201.0358,436,533,206,3512,35,,25,170,624,NA
3512054,CSD,Wollaston (TP),215.8709,721,757,352,3512,35,,80,280,820,NA
3512058,CSD,Faraday (TP),217.4359,1612,1290,755,3512,35,,115,625,840,900
3512061,CSD,Bancroft (T),227.5367,4065,2007,1801,3512,35,,385,1410,920,860
3512065,CSD,Carlow/Mayo (TP),385.3241,953,663,416,3512,35,,45,350,670,775
3512076,CSD,Hastings Highlands (MU),966.5818,4385,3529,2007,3512,35,,295,1670,750,850
3513020,CSD,Prince Edward County (CY),1052.6069,25704,13557,11332,3513,35,,1845,9165,880,1080
3514004,CSD,Brighton (MU),223.2437,12108,5392,5014,3514,35,,735,4200,840,1040
3514014,CSD,Cramahe (TP),202.2244,6509,2772,2603,3514,35,,420,2135,1210,1010
3514019,CSD,Hamilton (TP),256.0285,11059,4685,4281,3514,35,,515,3675,1180,1000
3514020,CSD,Port Hope (MU),278.8006,17294,7607,7318,3514,35,35528,1505,5705,1190,1170
3514021,CSD,Cobourg (T),22.4082,20519,9520,9134,3514,35,35527,2075,7045,1010,1220
3514024,CSD,Alnwick/Haldimand (TP),398.25,7473,3323,2823,3514,35,,405,2325,1260,1000
3514027,CSD,Alderville First Nation (IRI),12.5932,542,282,252,3514,35,,0,0,NA,NA
3514045,CSD,Trent Hills (MU),513.8469,13861,7057,5903,3514,35,,1060,4590,890,1000
3515003,CSD,Asphodel-Norwood (TP),161.6153,4658,1985,1821,3515,35,,255,1525,1100,1100
3515005,CSD,Otonabee-South Monaghan (TP),346.1528,7087,3050,2732,3515,35,35529,380,2185,1150,1100
3515008,CSD,Hiawatha First Nation (IRI),8.9288,341,210,157,3515,35,35529,0,0,NA,NA
3515013,CSD,Cavan Monaghan (TP),306.3893,10016,3704,3553,3515,35,35529,465,2930,1420,1190
3515014,CSD,Peterborough (CY),64.7565,83651,38006,35977,3515,35,35529,9235,26660,1160,1110
3515015,CSD,Selwyn (TP),316.117,18653,8540,7483,3515,35,35529,1060,6275,950,1260
3515019,CSD,Curve Lake First Nation 35 (IRI),6.6369,1244,650,543,3515,35,35529,0,0,NA,NA
3515023,CSD,Douro-Dummer (TP),459.4605,7632,3601,2925,3515,35,35529,345,2445,1130,1130
3515030,CSD,Havelock-Belmont-Methuen (TP),529.3526,5083,3856,2234,3515,35,,360,1850,860,940
3515037,CSD,North Kawartha (TP),746.3451,2877,3693,1364,3515,35,,190,1135,735,860
3515044,CSD,Trent Lakes (MU),833.7181,6439,5750,2952,3515,35,,430,2500,990,910
3516010,CSD,Kawartha Lakes (CY),3033.6565,79247,38947,32708,3516,35,35530,6085,25715,1080,1100
3518001,CSD,Pickering (CY),231.1049,99186,34327,33425,3518,35,35535,8030,25240,1980,1720
3518005,CSD,Ajax (T),66.6437,126666,40275,39488,3518,35,35535,9725,29665,2140,1600
3518009,CSD,Whitby (T),146.6948,138501,47389,46460,3518,35,35532,9885,36450,2020,1430
3518013,CSD,Oshawa (CY),145.7163,175383,69324,66634,3518,35,35532,18330,48015,1640,1300
3518017,CSD,Clarington (MU),610.8417,101427,36852,35953,3518,35,35532,6645,29020,1780,1590
3518020,CSD,Scugog (TP),474.3769,21581,8734,8243,3518,35,,1335,6650,1380,1280
3518022,CSD,Mississaugas of Scugog Island (IRI),2.5714,125,51,49,3518,35,,NA,NA,NA,NA
3518029,CSD,Uxbridge (TP),420.5191,21556,8310,8008,3518,35,35535,1570,6200,1700,1290
3518039,CSD,Brock (TP),422.6386,12567,5297,4788,3518,35,,945,3715,1410,1020
3519028,CSD,Vaughan (CY),272.4441,323103,107159,103914,3519,35,35535,28885,74660,1980,2040
3519036,CSD,Markham (CY),210.9319,338503,114908,110867,3519,35,35535,36120,74020,1840,1940
3519038,CSD,Richmond Hill (T),100.7897,202022,72017,69314,3519,35,35535,25570,43350,2020,1860
3519044,CSD,Whitchurch-Stouffville (T),206.4178,49864,17154,16707,3519,35,35535,4280,12330,2100,1660
3519046,CSD,Aurora (T),50.0009,62057,22253,21506,3519,35,35535,6295,15145,2100,1800
3519048,CSD,Newmarket (T),38.501,87942,31239,30301,3519,35,35535,8000,22200,2020,1510
3519049,CSD,King (TP),332.1164,27333,9346,8969,3519,35,35535,2340,6455,2180,1550
3519054,CSD,East Gwillimbury (T),244.9061,34637,11869,11449,3519,35,35535,3055,8335,2140,2160
3519070,CSD,Georgina (T),287.69,47642,19368,17895,3519,35,35535,4185,13605,1660,1430
3519076,CSD,Chippewas of Georgina Island First Nation (IRI),14.4724,231,550,112,3519,35,35535,NA,NA,NA,NA
3520005,CSD,Toronto (C),631.0983,2794356,1253238,1160892,3520,35,35535,373965,777835,1740,1500
3521005,CSD,Mississauga (CY),292.7442,717961,254089,244575,3521,35,35535,68155,174940,1800,1600
3521010,CSD,Brampton (CY),265.8874,656480,189086,182472,3521,35,35535,56355,125575,2300,1520
3521024,CSD,Caledon (T),688.8179,76581,24795,23699,3521,35,35535,5155,18315,2040,1740
3522001,CSD,East Garafraxa (TP),166.5014,2794,944,903,3522,35,,130,695,1900,1140
3522008,CSD,Amaranth (TP),265.015,4327,1428,1372,3522,35,,280,1010,2020,1700
3522010,CSD,Grand Valley (T),158.5956,3851,1445,1397,3522,35,,310,1015,1920,1110
3522012,CSD,Mono (T),278.3715,9421,3327,3131,3522,35,35535,540,2515,1680,1060
3522014,CSD,Orangeville (T),15.1629,30167,11308,11059,3522,35,35535,2675,8355,1900,1360
3522016,CSD,Mulmur (TP),286.1696,3571,1682,1388,3522,35,,295,1025,1660,1310
3522019,CSD,Melancthon (TP),310.3935,3132,1104,1035,3522,35,,220,715,1720,1320
3522021,CSD,Shelburne (T),6.5613,8994,3150,3025,3522,35,,720,2305,1940,1100
3523001,CSD,Puslinch (TP),214.8178,7944,2946,2857,3523,35,35550,445,2335,1500,1170
3523008,CSD,Guelph (CY),87.4266,143740,59746,56480,3523,35,35550,12905,43400,1600,1350
3523009,CSD,Guelph/Eramosa (TP),292.8398,13904,4993,4838,3523,35,35550,710,3990,1620,1210
3523017,CSD,Erin (T),298.8125,11981,4396,4220,3523,35,,720,3345,1880,1200
3523025,CSD,Centre Wellington (TP),409.4126,31093,12701,11972,3523,35,35531,1975,9715,1440,1300
3523033,CSD,Mapleton (TP),535.5585,10839,3633,3245,3523,35,,355,2350,1470,1070
3523043,CSD,Minto (T),300.1856,9094,3885,3417,3523,35,,470,2775,1170,990
3523050,CSD,Wellington North (TP),526.3075,12431,4987,4793,3523,35,,850,3605,1140,1030
3524001,CSD,Oakville (T),138.9434,213759,76179,73558,3524,35,35535,19295,53810,2080,2040
3524002,CSD,Burlington (CY),186.1219,186948,74891,73180,3524,35,35537,16875,56120,1720,1660
3524009,CSD,Milton (T),363.8308,132979,41000,40038,3524,35,35535,10075,29750,2320,2200
3524015,CSD,Halton Hills (T),276.8103,62951,22252,21825,3524,35,35535,4030,17715,1880,1320
3525005,CSD,Hamilton (C),1118.3101,569353,233564,222807,3525,35,35537,51305,169815,1440,1120
3526003,CSD,Fort Erie (T),166.2419,32901,15875,14081,3526,35,35539,2695,11295,1080,980
3526011,CSD,Port Colborne (CY),121.9886,20033,10219,8710,3526,35,35539,1765,6885,1060,930
3526014,CSD,Wainfleet (TP),217.5264,6887,3116,2615,3526,35,35539,325,2160,1170,1000
3526021,CSD,West Lincoln (TP),387.0155,15454,5422,5295,3526,35,,725,4305,1550,1070
3526028,CSD,Pelham (T),126.345,18192,7123,6959,3526,35,35539,1025,5825,1190,1010
3526032,CSD,Welland (CY),81.1574,55750,24530,23656,3526,35,35539,5150,18430,1100,1020
3526037,CSD,Thorold (CY),83.2949,23816,9856,9095,3526,35,35539,2040,7015,1310,1130
3526043,CSD,Niagara Falls (CY),210.2536,94415,39778,37793,3526,35,35539,8745,28855,1150,1110
3526047,CSD,Niagara-on-the-Lake (T),131.3489,19088,8578,7857,3526,35,35539,1500,6150,960,1430
3526053,CSD,St. Catharines (CY),96.1956,136803,61977,58903,3526,35,35539,13970,44650,1140,1100
3526057,CSD,Lincoln (T),162.7382,25719,9826,9555,3526,35,35539,1405,7920,1350,1180
3526065,CSD,Grimsby (T),68.71,28883,11626,11395,3526,35,35537,2180,9155,1540,1620
3528018,CSD,Haldimand County (CY),1250.4518,49216,20710,18719,3528,35,,3050,15060,1320,1000
3528035,CSD,New Credit (Part) 40A (IRI),5.08,166,58,52,3528,35,,NA,NA,NA,NA
3528037,CSD,Six Nations (Part) 40 (IRI),30.5884,0,0,0,3528,35,,NA,NA,NA,NA
3528052,CSD,Norfolk County (CY),1597.6839,67490,30085,27594,3528,35,35547,4180,22665,940,930
3529005,CSD,Brant (CY),817.6558,39474,14778,14330,3529,35,35543,2025,11795,1360,1130
3529006,CSD,Brantford (CY),98.6476,104688,43269,41673,3529,35,35543,9320,32250,1330,1130
3529020,CSD,Six Nations (Part) 40 (IRI),157.6959,0,0,0,3529,35,35543,NA,NA,NA,NA
3529021,CSD,New Credit (Part) 40A (IRI),20.1015,609,203,199,3529,35,,0,0,NA,NA
3530004,CSD,North Dumfries (TP),188.0908,10619,3768,3689,3530,35,35541,460,3155,1640,1240
3530010,CSD,Cambridge (CY),112.994,138479,53013,51269,3530,35,35541,10845,40325,1620,1220
3530013,CSD,Kitchener (CY),136.8149,256885,103388,99812,3530,35,35541,23190,76255,1550,1300
3530016,CSD,Waterloo (CY),64.056,121436,52049,47040,3530,35,35541,11210,35415,1390,1400
3530020,CSD,Wilmot (TP),263.8128,21429,8035,7891,3530,35,35541,905,6800,1320,1100
3530027,CSD,Wellesley (TP),277.7402,11318,3444,3366,3530,35,,330,2670,1240,960
3530035,CSD,Woolwich (TP),326.5574,26999,9556,9359,3530,35,35541,1245,7830,1500,1180
3531011,CSD,Stratford (CY),30.021,33232,15388,14743,3531,35,35553,2920,11785,1160,1080
3531013,CSD,Perth South (TP),391.876,3776,1454,1396,3531,35,,160,995,1080,1120
3531016,CSD,St. Marys (T),12.4384,7386,3216,3128,3531,35,,375,2745,1050,970
3531025,CSD,West Perth (MU),578.8821,9038,3567,3434,3531,35,,390,2685,1060,1000
3531030,CSD,Perth East (TP),711.9316,12595,4266,4112,3531,35,,485,2975,1070,1050
3531040,CSD,North Perth (MU),493.0943,15538,6171,5959,3531,35,,1030,4490,1140,1080
3532002,CSD,Norwich (TP),424.0077,11151,3892,3761,3532,35,,435,3020,1300,1080
3532004,CSD,Tillsonburg (T),22.1989,18615,8494,8229,3532,35,35546,1450,6745,900,1000
3532012,CSD,South-West Oxford (TP),369.6061,7583,2708,2616,3532,35,,310,2050,1180,1040
3532018,CSD,Ingersoll (T),12.7336,13693,5627,5467,3532,35,35533,885,4580,1390,1040
3532027,CSD,Zorra (TP),529.1875,8628,3284,3162,3532,35,,285,2430,1210,940
3532038,CSD,East Zorra-Tavistock (TP),241.9577,7841,3055,2976,3532,35,,360,2395,1370,920
3532042,CSD,Woodstock (CY),56.4608,46705,19528,18886,3532,35,35544,4070,14780,1320,1190
3532045,CSD,Blandford-Blenheim (TP),382.0288,7565,2857,2779,3532,35,,300,2275,1450,840
3534005,CSD,Bayham (MU),244.6009,7096,2435,2264,3534,35,,380,1750,1140,750
3534010,CSD,Malahide (TP),394.2655,9308,3178,3013,3534,35,,365,2410,1240,1060
3534011,CSD,Aylmer (T),6.37,7699,3177,3067,3534,35,,595,2470,1140,930
3534020,CSD,Central Elgin (MU),279.8739,13746,5845,5460,3534,35,35555,690,4625,1220,1060
3534021,CSD,St. Thomas (CY),35.6062,42840,18596,18062,3534,35,35555,3435,14600,1200,940
3534024,CSD,Southwold (TP),301.3777,4851,1760,1713,3534,35,35555,100,1465,1310,810
3534030,CSD,Dutton/Dunwich (MU),294.3827,4152,1677,1596,3534,35,,170,1305,1320,785
3534042,CSD,West Elgin (MU),322.0882,5060,2221,2103,3534,35,,250,1675,960,700
3536020,CSD,Chatham-Kent (MU),2451.9038,103988,46752,44028,3536,35,35556,6710,36045,860,870
3536029,CSD,Moravian 47 (IRI),12.6213,328,169,150,3536,35,35556,0,0,NA,NA
3537001,CSD,Pelee (TP),41.0306,230,374,122,3537,35,,NA,NA,670,NA
3537003,CSD,Leamington (MU),261.2438,29680,11219,10547,3537,35,35559,1940,8470,1040,1060
3537013,CSD,Kingsville (T),246.0773,22119,8635,8285,3537,35,35559,920,7170,990,980
3537016,CSD,Essex (T),277.5327,21216,8880,8391,3537,35,35559,995,7245,1020,960
3537028,CSD,Amherstburg (T),183.7604,23524,9548,9193,3537,35,35559,1200,7875,1220,1030
3537034,CSD,LaSalle (T),64.9553,32721,11922,11644,3537,35,35559,1260,10340,1190,1390
3537039,CSD,Windsor (CY),146.0197,229660,99803,94273,3537,35,35559,19835,74020,1020,950
3537048,CSD,Tecumseh (T),94.5916,23300,9111,8946,3537,35,35559,1000,7900,1110,1130
3537064,CSD,Lakeshore (T),528.9961,40410,14954,14386,3537,35,35559,1585,12450,1320,1000
3538003,CSD,St. Clair (TP),618.5651,14659,6528,6021,3538,35,35562,570,5095,900,970
3538004,CSD,Walpole Island 46 (IRI),137.4297,0,0,0,3538,35,,NA,NA,NA,NA
3538007,CSD,Dawn-Euphemia (TP),445.1361,1968,824,766,3538,35,,70,480,920,710
3538015,CSD,Brooke-Alvinston (MU),311.4146,2359,983,918,3538,35,,85,660,810,850
3538016,CSD,Enniskillen (TP),338.0538,2825,1087,1041,3538,35,,85,790,970,775
3538018,CSD,Oil Springs (VL),8.1432,647,283,267,3538,35,,0,260,720,NA
3538019,CSD,Petrolia (T),12.4587,6013,2524,2460,3538,35,,285,2175,1070,850
3538025,CSD,Sarnia 45 (IRI),12.5788,648,278,262,3538,35,35562,0,0,NA,NA
3538030,CSD,Sarnia (CY),163.8953,72047,33902,32188,3538,35,35562,5750,26275,930,990
3538031,CSD,Point Edward (VL),3.2994,1930,989,938,3538,35,35562,100,840,780,1310
3538035,CSD,Plympton-Wyoming (T),318.8578,8308,3513,3172,3538,35,35562,275,2680,1060,950
3538040,CSD,Lambton Shores (MU),330.5658,11876,7211,5303,3538,35,,720,4420,795,880
3538043,CSD,Warwick (TP),290.2073,3641,1425,1357,3538,35,,170,1040,920,870
3538056,CSD,Kettle Point 44 (IRI),9.322,1233,775,512,3538,35,,0,0,NA,NA
3539002,CSD,Newbury (VL),1.7701,440,195,187,3539,35,,20,170,1040,760
3539005,CSD,Southwest Middlesex (MU),427.8151,5893,2503,2407,3539,35,,290,1915,960,710
3539015,CSD,Strathroy-Caradoc (MU),270.8591,23871,9695,9453,3539,35,35555,1295,8005,1150,1030
3539017,CSD,Chippewas of the Thames First Nation 42 (IRI),42.4948,0,0,0,3539,35,,NA,NA,NA,NA
3539018,CSD,Munsee-Delaware Nation 1 (IRI),11.1904,129,64,53,3539,35,,NA,NA,NA,NA
3539021,CSD,Oneida 41 (IRI),22.1427,0,0,0,3539,35,,NA,NA,NA,NA
3539027,CSD,Thames Centre (MU),433.9936,13980,5316,5186,3539,35,35555,550,4330,1280,1000
3539033,CSD,Middlesex Centre (MU),588.158,18928,6845,6695,3539,35,35555,785,5510,1440,1050
3539036,CSD,London (CY),420.4995,422324,186409,174657,3539,35,35555,42015,131505,1250,1130
3539041,CSD,North Middlesex (MU),598.6485,6307,2481,2391,3539,35,,255,1820,1180,665
3539047,CSD,Adelaide-Metcalfe (TP),331.1133,3011,1056,1013,3539,35,35555,110,750,1230,970
3539060,CSD,Lucan Biddulph (TP),169.0773,5680,2172,2115,3539,35,,230,1745,1490,880
3540005,CSD,South Huron (MU),425.1176,10063,4722,4339,3540,35,,680,3480,910,930
3540010,CSD,Bluewater (MU),416.704,7540,4882,3302,3540,35,,485,2610,1000,750
3540025,CSD,Central Huron (MU),449.4347,7799,3917,3267,3540,35,,415,2575,850,890
3540028,CSD,Goderich (T),8.5371,7881,3899,3667,3540,35,,745,2915,900,1000
3540040,CSD,Huron East (MU),669.1529,9512,3912,3707,3540,35,,435,2905,970,790
3540046,CSD,Howick (TP),286.5534,4045,1414,1343,3540,35,,185,980,1050,1020
3540050,CSD,Morris-Turnberry (MU),376.8892,3590,1283,1195,3540,35,,115,900,1150,750
3540055,CSD,North Huron (TP),179.0142,5052,2277,2157,3540,35,,350,1705,1040,800
3540063,CSD,Ashfield-Colborne-Wawanosh (TP),586.877,5884,3149,2357,3540,35,,265,1795,760,750
3541004,CSD,South Bruce (MU),486.8643,5880,2419,2280,3541,35,,245,1670,960,830
3541015,CSD,Huron-Kinloss (TP),440.729,7723,4107,3026,3541,35,,420,2430,990,830
3541024,CSD,Kincardine (MU),537.795,12268,6142,5160,3541,35,,710,4235,1120,1200
3541032,CSD,Brockton (MU),564.6422,9784,4406,4032,3541,35,,520,3165,890,930
3541043,CSD,Arran-Elderslie (MU),458.7569,6913,2998,2782,3541,35,,510,2035,1150,970
3541045,CSD,Saugeen Shores (T),170.1938,15908,8548,6905,3541,35,,950,5895,1120,1170
3541055,CSD,South Bruce Peninsula (T),530.6122,9137,7093,4148,3541,35,,660,3350,740,840
3541056,CSD,Chief's Point No. 28 (IRI),5.7586,15,93,7,3541,35,,NA,NA,NA,NA
3541057,CSD,Saugeen 29 (IRI),41.4158,784,1389,318,3541,35,,0,0,NA,NA
3541060,CSD,Neyaashiinigmiing 27 (IRI),63.7573,580,296,248,3541,35,,0,0,NA,NA
3541069,CSD,Northern Bruce Peninsula (MU),775.696,4404,5101,2206,3541,35,,345,1815,650,1050
3542004,CSD,West Grey (MU),875.2086,13131,5808,5284,3542,35,,685,4190,860,860
3542005,CSD,Southgate (TP),643.0785,8716,3257,3017,3542,35,,580,2130,1360,1230
3542015,CSD,Grey Highlands (MU),879.0298,10424,5337,4091,3542,35,,695,3010,1150,950
3542029,CSD,Hanover (T),9.7802,7967,3788,3445,3542,35,,695,2750,880,990
3542037,CSD,Chatsworth (TP),594.4351,7080,3094,2699,3542,35,,395,2110,950,750
3542045,CSD,The Blue Mountains (T),284.6528,9390,7396,4348,3542,35,,880,3375,1110,1300
3542047,CSD,Meaford (MU),587.5653,11485,5828,5035,3542,35,,910,3910,980,950
3542053,CSD,Georgian Bluffs (TP),599.9631,11100,5269,4495,3542,35,35566,480,3835,870,1090
3542059,CSD,Owen Sound (CY),24.2137,21612,10406,9895,3542,35,35566,2395,7475,1060,930
3543003,CSD,Adjala-Tosorontio (TP),371.5321,10989,3995,3836,3543,35,,655,3085,1580,1240
3543005,CSD,Clearview (TP),556.3745,14814,6296,5570,3543,35,,995,4395,1410,1210
3543007,CSD,New Tecumseth (T),273.8681,43948,16249,15854,3543,35,35535,3565,12185,1740,1410
3543009,CSD,Springwater (TP),535.8534,21701,7845,7516,3543,35,35568,1195,6150,1640,1200
3543014,CSD,Bradford West Gwillimbury (T),200.6757,42880,13907,13415,3543,35,35535,3565,9770,2160,1510
3543015,CSD,Severn (TP),523.0626,14576,7073,5804,3543,35,,765,4940,1150,980
3543017,CSD,Innisfil (T),262.3924,43326,17528,15708,3543,35,35568,3775,11820,1660,1860
3543019,CSD,Ramara (TP),414.9354,10377,6166,4408,3543,35,,890,3420,1100,1210
3543021,CSD,Essa (TP),279.9158,22970,8232,7949,3543,35,35563,1300,6515,1700,1110
3543023,CSD,Oro-Medonte (TP),585.4177,23017,9510,8636,3543,35,,1145,7295,1400,1250
3543031,CSD,Collingwood (T),33.1545,24811,13216,11174,3543,35,35567,2960,8195,1280,1400
3543042,CSD,Barrie (CY),99.0088,147829,57276,55316,3543,35,35568,14760,40395,1740,1510
3543050,CSD,Chippewas of Rama First Nation (IRI),11.1544,998,408,377,3543,35,,0,0,NA,NA
3543052,CSD,Orillia (CY),28.5294,33411,15428,14422,3543,35,35569,3835,10535,1210,1180
3543064,CSD,Wasaga Beach (T),57.4219,24862,13768,10811,3543,35,35565,2155,8620,900,1410
3543068,CSD,Tiny (TP),335.0513,12966,9699,5434,3543,35,,855,4515,940,960
3543069,CSD,Christian Island 30 (IRI),51.9051,679,524,221,3543,35,,0,0,NA,NA
3543070,CSD,Christian Island 30A (IRI),0.0707,30,14,13,3543,35,,NA,NA,NA,NA
3543071,CSD,Tay (TP),137.8564,11091,5301,4535,3543,35,,800,3695,1150,1120
3543072,CSD,Penetanguishene (T),25.4227,10077,4357,3976,3543,35,35571,835,3130,1140,920
3543074,CSD,Midland (T),35.329,17817,8295,7849,3543,35,35571,1815,6015,1070,1060
3544002,CSD,Gravenhurst (T),489.1123,13157,8271,5496,3544,35,,1110,4360,1010,1010
3544018,CSD,Bracebridge (T),615.1973,17305,9053,7233,3544,35,,1475,5715,1200,1210
3544027,CSD,Lake of Bays (TP),667.4319,3759,4324,1760,3544,35,,300,1455,880,1110
3544042,CSD,Huntsville (T),705.1844,21147,11214,8817,3544,35,,1640,7120,1130,1100
3544053,CSD,Muskoka Lakes (TP),774.4616,7652,9443,3529,3544,35,,640,2855,1050,1000
3544065,CSD,Georgian Bay (TP),525.2865,3441,5175,1660,3544,35,,300,1345,800,840
3544071,CSD,Wahta Mohawk Territory (IRI),59.6586,0,0,0,3544,35,,NA,NA,NA,NA
3544073,CSD,Moose Point 79 (IRI),3.139,213,80,76,3544,35,,NA,NA,NA,NA
3546005,CSD,Highlands East (MU),688.1824,3830,4430,1875,3546,35,,340,1510,695,930
3546015,CSD,Minden Hills (TP),847.3722,6971,6019,3229,3546,35,,465,2730,770,840
3546018,CSD,Algonquin Highlands (TP),999.6942,2588,3325,1269,3546,35,,195,1070,745,800
3546024,CSD,Dysart et al (MU),1474.2204,7182,7298,3341,3546,35,,550,2780,880,900
3547002,CSD,Arnprior (T),13.0382,9629,4458,4308,3547,35,505,820,3465,1170,1010
3547003,CSD,McNab/Braeside (TP),255.2754,7591,3235,3036,3547,35,505,320,2655,1180,1040
3547008,CSD,Greater Madawaska (TP),1018.1487,2864,2251,1343,3547,35,,220,1115,785,1000
3547020,CSD,"Brudenell, Lyndoch and Raglan (TP)",701.2927,1552,998,694,3547,35,,65,590,484,596
3547030,CSD,Madawaska Valley (TP),665.8288,3927,2541,1713,3547,35,,265,1430,645,755
3547033,CSD,"Killaloe, Hagarty and Richards (TP)",391.6037,2410,1559,1097,3547,35,,125,955,650,624
3547035,CSD,Bonnechere Valley (TP),588.3577,3898,2320,1739,3547,35,,265,1410,810,900
3547037,CSD,Pikwakanagan (Golden Lake 39) (IRI),7.3822,490,191,184,3547,35,,0,0,NA,NA
3547043,CSD,Admaston/Bromley (TP),519.5858,2995,1305,1136,3547,35,,75,925,870,1060
3547046,CSD,Horton (TP),158.0226,3182,1486,1290,3547,35,,155,1105,1120,1000
3547048,CSD,Renfrew (T),12.8111,8190,4117,3954,3547,35,,780,3175,780,850
3547056,CSD,Whitewater Region (TP),535.4753,7225,3470,2909,3547,35,,360,2360,910,920
3547064,CSD,Pembroke (CY),14.3232,14364,6888,6542,3547,35,35515,1450,5075,1050,940
3547070,CSD,North Algona Wilberforce (TP),369.2335,3111,1757,1297,3547,35,,145,1090,740,960
3547075,CSD,Laurentian Valley (TP),539.0791,9450,3877,3715,3547,35,35515,340,3285,980,1020
3547076,CSD,Petawawa (T),164.6987,18160,7174,6762,3547,35,35516,575,6170,1430,950
3547090,CSD,Laurentian Hills (T),634.3101,2885,1393,1251,3547,35,,140,1115,1150,1000
3547096,CSD,Deep River (T),50.2714,4175,1981,1866,3547,35,,185,1670,800,930
3547098,CSD,"Head, Clara and Maria (TP)",719.1993,267,133,116,3547,35,,NA,NA,540,NA
3548001,CSD,South Algonquin (TP),867.733,1055,894,527,3548,35,,70,455,556,775
3548013,CSD,Papineau-Cameron (TP),564.2333,982,495,407,3548,35,,45,375,780,950
3548019,CSD,Mattawan (TP),200.12,153,102,71,3548,35,,NA,NA,725,NA
3548021,CSD,Mattawa (T),3.6659,1881,929,857,3548,35,,185,670,795,750
3548022,CSD,Calvin (MU),140.1323,557,263,227,3548,35,,35,185,900,NA
3548027,CSD,Bonfield (TP),206.2199,2146,1080,889,3548,35,35575,115,760,1070,775
3548031,CSD,Chisholm (TP),205.7694,1312,614,508,3548,35,35575,85,420,870,NA
3548034,CSD,East Ferris (MU),151.944,4946,2172,1890,3548,35,35575,255,1625,1330,1070
3548044,CSD,North Bay (CY),315.529,52662,25077,23467,3548,35,35575,4925,18475,1200,990
3548055,CSD,West Nipissing / Nipissing Ouest (M),1956.2716,14583,7252,6413,3548,35,,1250,5045,980,900
3548069,CSD,Temagami (MU),1878.1232,862,928,432,3548,35,,65,365,632,604
3548072,CSD,Bear Island 1 (IRI),2.8821,244,103,84,3548,35,,NA,NA,NA,NA
3548073,CSD,Nipissing 10 (IRI),60.8709,1640,773,705,3548,35,,0,0,NA,NA
3548091,CSD,"Nipissing, Unorganized, South Part (NO)",6711.5074,102,337,46,3548,35,,NA,NA,464,NA
3548094,CSD,"Nipissing, Unorganized, North Part (NO)",3721.1959,1591,955,729,3548,35,35575,70,655,705,980
3549003,CSD,Seguin (TP),586.9928,5280,4827,2136,3549,35,,330,1785,860,1080
3549005,CSD,The Archipelago (TP),592.1393,979,2863,497,3549,35,,70,425,640,NA
3549012,CSD,McMurrich/Monteith (TP),275.2585,907,735,410,3549,35,,85,330,710,NA
3549014,CSD,Perry (TP),186.339,2650,1710,1144,3549,35,,165,965,960,800
3549018,CSD,Kearney (T),528.2109,974,1195,460,3549,35,,70,385,750,NA
3549019,CSD,Armour (TP),163.5236,1459,1087,667,3549,35,,100,560,765,800
3549022,CSD,Burk's Falls (VL),3.0871,957,523,465,3549,35,,90,370,1110,780
3549024,CSD,Ryerson (TP),185.9324,745,555,344,3549,35,,65,270,1030,NA
3549028,CSD,McKellar (TP),176.0717,1419,1515,695,3549,35,,95,580,750,NA
3549031,CSD,McDougall (MU),264.0218,2744,1673,1154,3549,35,,160,995,960,1250
3549032,CSD,Parry Sound (T),13.1049,6879,3518,3197,3549,35,,905,2280,1050,1010
3549036,CSD,Carling (TP),244.3243,1491,1761,697,3549,35,,80,615,840,NA
3549039,CSD,Whitestone (MU),923.6973,1075,1427,549,3549,35,,95,435,560,NA
3549043,CSD,Magnetawan (MU),526.3069,1753,1717,825,3549,35,,125,675,604,650
3549046,CSD,Strong (TP),158.8803,1566,953,660,3549,35,,120,515,840,1010
3549048,CSD,Sundridge (VL),2.2455,938,458,436,3549,35,,75,370,770,675
3549051,CSD,Joly (TP),193.9518,293,155,127,3549,35,,NA,NA,765,NA
3549054,CSD,Machar (TP),182.6485,969,875,459,3549,35,,30,440,735,NA
3549056,CSD,South River (VL),4.1076,1101,510,482,3549,35,,80,400,660,860
3549060,CSD,Powassan (MU),223.2601,3346,1381,1317,3549,35,35575,165,1130,920,910
3549066,CSD,Callander (MU),102.9822,3964,1758,1636,3549,35,35575,225,1410,1280,920
3549071,CSD,Nipissing (TP),387.9514,1769,1012,746,3549,35,35575,115,605,1000,970
3549072,CSD,Shawanaga 17 (IRI),32.2451,155,79,73,3549,35,,NA,NA,NA,NA
3549073,CSD,Parry Island First Nation (IRI),71.3055,367,310,135,3549,35,,0,0,NA,NA
3549075,CSD,Henvey Inlet 2 (IRI),84.5404,15,7,7,3549,35,,NA,NA,NA,NA
3549076,CSD,French River 13 (IRI),25.8481,137,55,52,3549,35,,NA,NA,NA,NA
3549077,CSD,Dokis 9 (IRI),150.1918,201,145,97,3549,35,,NA,NA,NA,NA
3549078,CSD,Magnetewan 1 (IRI),44.4125,102,52,45,3549,35,,NA,NA,NA,NA
3549093,CSD,Naiscoutaing 17A (IRI),10.0123,0,0,0,3549,35,,NA,NA,NA,NA
3549095,CSD,"Parry Sound, Unorganized, North East Part (NO)",183.0397,179,81,73,3549,35,,NA,NA,612,NA
3549096,CSD,"Parry Sound, Unorganized, Centre Part (NO)",2587.288,2495,2703,1263,3549,35,,205,1040,516,700
3551001,CSD,Tehkummah (TP),131.7029,450,368,224,3551,35,,60,165,780,NA
3551006,CSD,Central Manitoulin (MU),427.6145,2235,1603,1050,3551,35,,160,870,628,1100
3551011,CSD,Assiginack (TP),224.886,1008,710,447,3551,35,,55,370,950,650
3551017,CSD,Northeastern Manitoulin and the Islands (MU),489.1931,2641,1903,1205,3551,35,,195,970,890,940
3551021,CSD,Billings (TP),208.8094,753,675,343,3551,35,,40,280,775,1140
3551026,CSD,Gore Bay (T),5.1404,808,421,382,3551,35,,85,335,880,860
3551027,CSD,Gordon/Barrie Island (MU),263.4434,613,621,294,3551,35,,30,220,576,NA
3551028,CSD,Burpee and Mills (TP),217.3349,382,292,167,3551,35,,0,150,484,NA
3551034,CSD,Cockburn Island (TP),168.9012,16,89,11,3551,35,,NA,NA,NA,NA
3551040,CSD,Whitefish River 4 (IRI),39.7322,457,270,180,3551,35,,0,0,NA,NA
3551041,CSD,Sucker Creek 23 (IRI),6.4667,373,159,147,3551,35,,0,0,NA,NA
3551042,CSD,Sheguiandah 24 (IRI),20.648,158,67,56,3551,35,,NA,NA,NA,NA
3551043,CSD,Wikwemikong Unceded (IRI),409.0412,2728,1130,1038,3551,35,,0,0,NA,NA
3551044,CSD,Sheshegwaning 20 (IRI),20.0621,127,69,59,3551,35,,NA,NA,NA,NA
3551045,CSD,M'Chigeeng 22 (IRI),32.9924,926,543,404,3551,35,,0,0,NA,NA
3551094,CSD,"Manitoulin, Unorganized, West Part (NO)",402.2868,219,367,123,3551,35,,NA,NA,336,NA
3551100,CSD,Zhiibaahaasing 19A (IRI),5.2834,41,15,14,3551,35,,NA,NA,NA,NA
3552001,CSD,French River / Rivière des Français (M),717.9088,2828,2098,1367,3552,35,,210,1145,780,725
3552004,CSD,St.-Charles (MU),314.4614,1357,788,621,3552,35,35580,95,515,960,620
3552013,CSD,Markstay-Warren (MU),505.924,2708,1199,1109,3552,35,35580,175,915,1050,670
3552023,CSD,Sables-Spanish Rivers (TP),801.0359,3237,1718,1386,3552,35,,170,1175,665,750
3552026,CSD,Espanola (T),81.0034,5185,2450,2304,3552,35,,320,1980,860,930
3552028,CSD,Baldwin (TP),82.4898,579,326,238,3552,35,,30,215,544,900
3552031,CSD,Nairn and Hyman (TP),159.1769,373,215,162,3552,35,,0,145,1080,NA
3552036,CSD,Killarney (MU),1469.3967,397,443,193,3552,35,,0,165,612,NA
3552037,CSD,Point Grondine 3 (IRI),138.5486,5,4,1,3552,35,,NA,NA,NA,NA
3552051,CSD,Whitefish Lake 6 (IRI),170.1611,412,202,132,3552,35,35580,0,0,NA,NA
3552052,CSD,Mattagami 71 (IRI),46.4286,210,89,81,3552,35,,NA,NA,NA,NA
3552053,CSD,Chapleau 74A (IRI),7.6093,17,13,8,3552,35,,NA,NA,NA,NA
3552054,CSD,Duck Lake 76B (IRI),1.8577,154,64,51,3552,35,,NA,NA,NA,NA
3552056,CSD,Chapleau Cree Fox Lake (IRI),9.2464,62,34,28,3552,35,,NA,NA,NA,NA
3552058,CSD,Chapleau 75 (IRI),1.1689,0,0,0,3552,35,,NA,NA,NA,NA
3552092,CSD,Chapleau (TP),13.1977,1942,973,867,3552,35,,60,785,775,800
3552093,CSD,"Sudbury, Unorganized, North Part (NO)",35377.1733,2902,2837,1367,3552,35,,170,1195,675,1000
3553005,CSD,Greater Sudbury / Grand Sudbury (CV),3186.2598,166004,75967,71476,3553,35,35580,12260,58895,1240,1000
3553040,CSD,Wahnapitei 11 (IRI),10.5917,124,69,49,3553,35,35580,NA,NA,NA,NA
3554001,CSD,Coleman (TP),177.9517,517,295,236,3554,35,,25,175,725,NA
3554006,CSD,Latchford (T),152.255,355,206,169,3554,35,,30,120,820,NA
3554008,CSD,Cobalt (T),2.0667,989,542,454,3554,35,,60,390,632,800
3554014,CSD,Harris (TP),49.812,530,217,205,3554,35,,0,190,785,NA
3554020,CSD,Temiskaming Shores (CY),176.6664,9634,4539,4263,3554,35,,710,3525,920,850
3554021,CSD,Hudson (TP),90.2845,530,325,213,3554,35,,25,200,870,NA
3554024,CSD,Kerns (TP),90.6561,330,129,121,3554,35,,0,65,950,NA
3554026,CSD,Harley (TP),92.3393,524,200,187,3554,35,,15,150,1200,NA
3554029,CSD,Casey (TP),80.8019,341,140,127,3554,35,,20,100,1030,NA
3554032,CSD,Brethour (TP),81.9726,105,48,38,3554,35,,NA,NA,NA,NA
3554034,CSD,Hilliard (TP),91.2675,215,93,87,3554,35,,NA,NA,650,NA
3554036,CSD,Armstrong (TP),90.163,1199,523,502,3554,35,,50,425,870,700
3554038,CSD,Thornloe (VL),6.5898,92,53,48,3554,35,,NA,NA,840,NA
3554042,CSD,James (TP),85.3967,348,224,181,3554,35,,30,150,840,572
3554044,CSD,Charlton and Dack (MU),92.7354,686,280,261,3554,35,,30,205,890,NA
3554049,CSD,Evanturel (TP),89.2084,502,203,193,3554,35,,0,175,645,NA
3554052,CSD,Englehart (T),2.9177,1442,720,684,3554,35,,80,600,930,650
3554054,CSD,Chamberlain (TP),110.8065,311,145,132,3554,35,,NA,NA,780,NA
3554056,CSD,Matachewan (TP),539.5577,268,202,134,3554,35,,NA,NA,680,NA
3554057,CSD,Matachewan 72 (IRI),33.0948,66,35,29,3554,35,,NA,NA,NA,NA
3554058,CSD,McGarry (TP),85.621,579,333,289,3554,35,,70,215,720,604
3554062,CSD,Larder Lake (TP),227.6201,745,440,352,3554,35,,45,325,670,720
3554066,CSD,Gauthier (TP),87.9755,151,73,68,3554,35,,NA,NA,1100,NA
3554068,CSD,Kirkland Lake (T),261.2877,7750,4353,3775,3554,35,,710,3040,780,750
3554091,CSD,"Timiskaming, Unorganized, East Part (NO)",248.5485,5,38,4,3554,35,,NA,NA,NA,NA
3554094,CSD,"Timiskaming, Unorganized, West Part (NO)",10199.8049,3210,1934,1380,3554,35,,115,1210,636,650
3556014,CSD,Black River-Matheson (TP),1161.8871,2572,1403,1078,3556,35,,125,905,620,820
3556027,CSD,Timmins (CY),2955.3264,41145,19390,17886,3556,35,35586,2875,14925,1150,940
3556031,CSD,Iroquois Falls (T),599.0313,4418,2153,1977,3556,35,,220,1740,695,725
3556033,CSD,Abitibi 70 (IRI),78.2318,156,76,68,3556,35,,NA,NA,NA,NA
3556042,CSD,Cochrane (T),537.9017,5390,2540,2316,3556,35,,325,1980,890,820
3556048,CSD,Smooth Rock Falls (T),199.7263,1200,650,582,3556,35,,60,520,580,750
3556052,CSD,Fauquier-Strickland (TP),1010.4496,467,278,227,3556,35,,20,190,444,700
3556056,CSD,Moonbeam (TP),234.4636,1157,759,524,3556,35,,40,480,810,930
3556066,CSD,Kapuskasing (T),83.9818,8057,4134,3790,3556,35,,500,3275,820,740
3556070,CSD,Val Rita-Harty (TP),378.8892,757,382,326,3556,35,,25,285,850,790
3556073,CSD,Opasatika (TP),327.0935,200,110,101,3556,35,,NA,NA,424,NA
3556076,CSD,Hearst (T),98.0598,4794,2373,2254,3556,35,,295,1940,860,705
3556077,CSD,Mattice-Val Côté (TP),412.8052,542,260,241,3556,35,,0,240,572,NA
3556091,CSD,"Cochrane, Unorganized, South West Part (NO)",552.1833,5,38,4,3556,35,,NA,NA,NA,NA
3556092,CSD,"Cochrane, Unorganized, North Part (NO)",130291.6337,2546,1494,1035,3556,35,,85,940,765,624
3556093,CSD,Fort Albany (Part) 67 (IRI),3.5187,775,237,200,3556,35,,0,0,NA,NA
3556094,CSD,Factory Island 1 (IRI),3.2477,1376,462,398,3556,35,,0,0,NA,NA
3556095,CSD,Constance Lake 92 (IRI),25.6923,741,242,228,3556,35,,0,0,NA,NA
3556096,CSD,Moose Factory 68 (IRI),169.1581,0,0,0,3556,35,,NA,NA,NA,NA
3556098,CSD,"Cochrane, Unorganized, South East Part (NO)",53.4596,25,19,15,3556,35,,NA,NA,NA,NA
3556100,CSD,Flying Post 73 (IRI),58.1746,0,0,0,3556,35,,NA,NA,NA,NA
3556102,CSD,New Post 69A (IRI),1.2863,128,38,35,3556,35,,NA,NA,NA,NA
3556106,CSD,Moosonee (TV),547.826,1512,629,487,3556,35,,60,425,1220,900
3557001,CSD,Jocelyn (TP),130.4344,314,360,175,3557,35,,25,140,680,NA
3557004,CSD,Hilton (TP),114.7674,382,335,162,3557,35,,0,135,632,NA
3557006,CSD,Hilton Beach (VL),2.5183,198,134,98,3557,35,,NA,NA,890,NA
3557008,CSD,St. Joseph (TP),127.6514,1426,909,612,3557,35,,100,475,880,830
3557011,CSD,Laird (TP),103.2549,1121,560,470,3557,35,35590,40,415,990,NA
3557014,CSD,Tarbutt and Tarbutt Additional (TP),52.7917,573,398,239,3557,35,,20,225,930,NA
3557016,CSD,Johnson (TP),119.4744,749,422,272,3557,35,,20,200,645,NA
3557019,CSD,Plummer Additional (TP),219.2418,757,519,328,3557,35,,55,260,604,NA
3557021,CSD,Bruce Mines (T),6.0867000000000004,582,293,263,3557,35,,25,250,695,600
3557026,CSD,Thessalon 12 (IRI),9.574,151,71,59,3557,35,,NA,NA,NA,NA
3557028,CSD,Thessalon (T),4.3829,1260,600,559,3557,35,,80,480,592,660
3557035,CSD,Huron Shores (MU),451.8745,1860,1171,834,3557,35,,75,725,580,730
3557038,CSD,Blind River (T),513.98,3422,2207,1600,3557,35,,205,1380,720,775
3557039,CSD,Spanish (T),106.8961,670,392,322,3557,35,,70,205,548,556
3557040,CSD,The North Shore (TP),230.1653,531,365,249,3557,35,,0,255,576,NA
3557041,CSD,Elliot Lake (CY),696.0558,11372,6275,5839,3557,35,35582,1155,4655,612,800
3557051,CSD,"Macdonald, Meredith and Aberdeen Additional (TP)",163.2557,1513,803,603,3557,35,35590,55,515,880,870
3557061,CSD,Sault Ste. Marie (CY),221.9912,72051,34818,32530,3557,35,35590,5215,27195,910,890
3557066,CSD,Prince (TP),84.9786,975,462,394,3557,35,35590,20,380,800,NA
3557071,CSD,Sagamok (IRI),96.8279,1110,408,385,3557,35,,0,0,NA,NA
3557072,CSD,Serpent River 7 (IRI),76.1413,351,151,145,3557,35,,0,0,NA,NA
3557073,CSD,Mississagi River 8 (IRI),18.2616,414,176,173,3557,35,,0,0,NA,NA
3557074,CSD,Garden River 14 (IRI),213.7053,1071,458,419,3557,35,35590,0,0,NA,NA
3557075,CSD,Rankin Location 15D (IRI),15.3923,0,0,0,3557,35,35590,NA,NA,NA,NA
3557076,CSD,Wawa (MU),411.8873,2705,1377,1213,3557,35,,110,1095,860,670
3557077,CSD,Goulais Bay 15A (IRI),6.7056,0,0,0,3557,35,,NA,NA,NA,NA
3557078,CSD,Gros Cap 49 (IRI),34.1179,63,38,35,3557,35,,NA,NA,NA,NA
3557079,CSD,Dubreuilville (TP),87.5281,576,284,248,3557,35,,45,200,650,710
3557091,CSD,White River (TP),95.5535,557,333,270,3557,35,,30,265,564,650
3557092,CSD,Obadjiwan 15E (IRI),0.7079,0,0,0,3557,35,,NA,NA,NA,NA
3557094,CSD,"Algoma, Unorganized, South East Part (NO)",43.1748,5,1,1,3557,35,,NA,NA,NA,NA
3557095,CSD,"Algoma, Unorganized, North Part (NO)",43618.9493,6050,5019,2773,3557,35,,225,2525,544,765
3557096,CSD,Hornepayne (TP),203.0363,968,515,439,3557,35,,65,375,960,800
3558001,CSD,Neebing (MU),873.7821,2241,1205,942,3558,35,35595,50,865,930,665
3558003,CSD,Fort William 52 (IRI),58.4978,964,391,361,3558,35,35595,0,0,NA,NA
3558004,CSD,Thunder Bay (CY),327.7716,108843,50995,48405,3558,35,35595,7700,40520,950,970
3558011,CSD,Oliver Paipoonge (MU),350.51,6035,2390,2323,3558,35,35595,240,2020,1020,820
3558012,CSD,Gillies (TP),92.6764,441,208,186,3558,35,35595,0,150,870,NA
3558016,CSD,O'Connor (TP),108.5557,689,283,274,3558,35,35595,0,270,1340,NA
3558019,CSD,Conmee (TP),167.6493,798,317,296,3558,35,35595,25,270,1050,NA
3558028,CSD,Shuniah (MU),571.3443,3247,2088,1425,3558,35,35595,110,1300,820,1200
3558034,CSD,Dorion (TP),211.2519,375,176,160,3558,35,,10,165,572,NA
3558041,CSD,Red Rock (TP),62.102,895,455,407,3558,35,,35,385,660,830
3558044,CSD,Nipigon (TP),107.9386,1473,747,663,3558,35,,60,600,528,750
3558051,CSD,Schreiber (TP),35.8058,1039,612,516,3558,35,,60,425,780,608
3558054,CSD,Terrace Bay (TP),151.4953,1528,793,713,3558,35,,90,625,765,750
3558059,CSD,Marathon (T),167.0282,3138,1602,1412,3558,35,,95,1315,665,700
3558060,CSD,Pic Mobert North (IRI),1.672,138,61,54,3558,35,,NA,NA,NA,NA
3558061,CSD,Pic Mobert South (IRI),0.3162,127,57,48,3558,35,,NA,NA,NA,NA
3558062,CSD,Pic River 50 (IRI),4.0299,372,164,141,3558,35,,0,0,NA,NA
3558063,CSD,Pays Plat 51 (IRI),2.028,100,37,36,3558,35,,NA,NA,NA,NA
3558064,CSD,Lake Helen 53A (IRI),0.8638,240,97,91,3558,35,,NA,NA,NA,NA
3558065,CSD,Gull River 55 (IRI),39.7735,110,90,60,3558,35,,NA,NA,NA,NA
3558066,CSD,Manitouwadge (TP),352.1733,1974,1059,920,3558,35,,70,845,720,600
3558067,CSD,Ginoogaming First Nation (IRI),68.6538,200,65,62,3558,35,,NA,NA,NA,NA
3558068,CSD,Long Lake 58 (IRI),2.7521,410,127,123,3558,35,,0,0,NA,NA
3558069,CSD,Rocky Bay 1 (IRI),0.2598,154,72,52,3558,35,,NA,NA,NA,NA
3558074,CSD,Sand Point First Nation (IRI),10.7128,5,29,4,3558,35,,NA,NA,NA,NA
3558075,CSD,Greenstone (MU),2727.0352,4309,2449,1920,3558,35,,210,1700,675,745
3558076,CSD,Aroland (S-É),3.3384,178,58,57,3558,35,,NA,NA,NA,NA
3558077,CSD,Lake Nipigon (IRI),12.8859,0,0,0,3558,35,,NA,NA,NA,NA
3558080,CSD,Ojibway Nation of Saugeen (Savant Lake) (IRI),57.0578,88,37,28,3558,35,,NA,NA,NA,NA
3558085,CSD,Osnaburgh 63A (IRI),47.4792,233,57,48,3558,35,,NA,NA,NA,NA
3558090,CSD,"Thunder Bay, Unorganized (NO)",96255.9194,6221,5671,2784,3558,35,,260,2495,640,548
3558092,CSD,Red Rock 53 (IRI),2.2437,0,15,0,3558,35,,NA,NA,NA,NA
3558097,CSD,Whitesand (IRI),2.5556,297,103,90,3558,35,,0,0,NA,NA
3558100,CSD,Lac des Mille Lacs 22A1 (IRI),17.3228,0,0,0,3558,35,,NA,NA,NA,NA
3559001,CSD,Atikokan (T),313.6416,2642,1464,1259,3559,35,,150,1110,650,705
3559011,CSD,Alberton (TP),116.5966,954,355,340,3559,35,,30,305,730,548
3559012,CSD,Fort Frances (T),25.5508,7466,3779,3451,3559,35,,390,3055,840,800
3559016,CSD,La Vallee (TP),237.1225,788,379,319,3559,35,,0,300,900,NA
3559019,CSD,Emo (TP),202.2797,1204,521,472,3559,35,,60,410,900,500
3559024,CSD,Chapple (TP),558.1508,763,332,265,3559,35,,15,230,700,NA
3559026,CSD,Manitou Rapids 11 (IRI),22.7254,300,107,102,3559,35,,0,0,NA,NA
3559031,CSD,Morley (TP),388.3841,493,235,186,3559,35,,0,145,540,NA
3559040,CSD,Dawson (TP),343.4159,399,274,190,3559,35,,0,170,524,NA
3559042,CSD,Rainy River (T),3.1154,752,398,366,3559,35,,45,320,612,604
3559046,CSD,Assabaska (IRI),8.7056,0,0,0,3559,35,,NA,NA,NA,NA
3559047,CSD,Lake of the Woods (TP),746.2423,308,454,140,3559,35,,NA,NA,484,NA
3559051,CSD,Big Grassy River 35G (IRI),33.7279,251,88,82,3559,35,,0,0,NA,NA
3559052,CSD,Big Island Mainland 93 (IRI),0.4241,5,3,2,3559,35,,NA,NA,NA,NA
3559053,CSD,Saug-A-Gaw-Sing 1 (IRI),0.6771,136,52,44,3559,35,,NA,NA,NA,NA
3559060,CSD,Neguaguon Lake 25D (IRI),62.7046,118,56,34,3559,35,,NA,NA,NA,NA
3559061,CSD,Rainy Lake 18C (IRI),17.9287,125,49,44,3559,35,,NA,NA,NA,NA
3559062,CSD,Agency 1 (IRI),0.4793,0,0,0,3559,35,,NA,NA,NA,NA
3559063,CSD,Couchiching 16A (IRI),65.4663,633,252,236,3559,35,,0,0,NA,NA
3559064,CSD,Rainy Lake 26A (IRI),24.1166,158,47,46,3559,35,,NA,NA,NA,NA
3559066,CSD,Seine River 23A (IRI),15.7154,270,90,85,3559,35,,0,0,NA,NA
3559068,CSD,Rainy Lake 17A (IRI),14.2197,234,78,76,3559,35,,NA,NA,NA,NA
3559069,CSD,Rainy Lake 17B (IRI),9.8066,5,2,2,3559,35,,NA,NA,NA,NA
3559089,CSD,Sturgeon Falls 23 (IRI),26.4255,10,2,2,3559,35,,NA,NA,NA,NA
3559090,CSD,"Rainy River, Unorganized (NO)",12163.3271,1423,1662,572,3559,35,,20,520,596,810
3560001,CSD,Ignace (TP),72.1277,1206,664,551,3560,35,,75,475,596,775
3560004,CSD,Whitefish Bay 32A (IRI),18.3598,610,211,186,3560,35,,0,0,NA,NA
3560005,CSD,Whitefish Bay 33A (IRI),12.083,94,38,33,3560,35,,NA,NA,NA,NA
3560008,CSD,Sioux Narrows-Nestor Falls (TP),1215.8036,727,1061,330,3560,35,,15,235,632,NA
3560010,CSD,Kenora (CY),211.6539,14967,7637,6510,3560,35,35598,1085,5405,1150,1050
3560021,CSD,Machin (MU),290.142,1012,632,457,3560,35,,20,420,850,725
3560024,CSD,Eagle Lake 27 (IRI),32.3787,257,110,101,3560,35,,0,0,NA,NA
3560027,CSD,Dryden (CY),65.5818,7388,3574,3314,3560,35,,350,2970,830,860
3560032,CSD,Ear Falls (TP),336.6868,924,506,402,3560,35,,75,390,1070,1100
3560034,CSD,Sioux Lookout (MU),378.0192,5839,2647,2340,3560,35,,320,2010,1280,1120
3560042,CSD,Red Lake (MU),602.9295,4094,1899,1703,3560,35,,215,1490,1150,970
3560046,CSD,Slate Falls (IRI),62.9511,299,72,63,3560,35,,0,0,NA,NA
3560049,CSD,Pickle Lake (TP),247.2086,398,221,155,3560,35,,25,135,790,850
3560050,CSD,Fort Albany (Part) 67 (IRI),363.7914,0,0,0,3560,35,,NA,NA,NA,NA
3560051,CSD,Attawapiskat 91A (IRI),1.7524,1586,404,359,3560,35,,0,0,NA,NA
3560052,CSD,Marten Falls 65 (IRI),79.0041,243,85,69,3560,35,,NA,NA,NA,NA
3560053,CSD,Fort Hope 64 (IRI),239.2883,977,349,258,3560,35,,0,0,NA,NA
3560054,CSD,Cat Lake 63C (IRI),17.1065,651,161,143,3560,35,,0,0,NA,NA
3560055,CSD,Osnaburgh 63B (IRI),125.3658,524,126,104,3560,35,,0,0,NA,NA
3560056,CSD,Lac Seul 28 (IRI),243.7303,1022,364,321,3560,35,,0,0,NA,NA
3560057,CSD,Wabigoon Lake 27 (IRI),42.6784,175,86,80,3560,35,,NA,NA,NA,NA
3560058,CSD,English River 21 (IRI),39.3005,584,230,182,3560,35,,0,0,NA,NA
3560059,CSD,Weagamow Lake 87 (IRI),89.8424,921,240,232,3560,35,,0,0,NA,NA
3560060,CSD,Northwest Angle 33B (IRI),12.4065,52,45,26,3560,35,,NA,NA,NA,NA
3560061,CSD,Wabaseemoong (IRI),76.0795,815,238,224,3560,35,,0,0,NA,NA
3560063,CSD,Sabaskong Bay 35D (IRI),5.0073,383,137,116,3560,35,,0,0,NA,NA
3560064,CSD,Shoal Lake 34B2 (IRI),1.8543,81,39,37,3560,35,,NA,NA,NA,NA
3560065,CSD,Lake of the Woods 37 (IRI),11.8959,49,26,19,3560,35,,NA,NA,NA,NA
3560066,CSD,Kenora 38B (IRI),19.445,402,145,133,3560,35,,0,0,NA,NA
3560067,CSD,Poplar Hill (IRI),6.8293,663,146,127,3560,35,,0,0,NA,NA
3560068,CSD,Shoal Lake 39A (IRI),32.5522,445,168,158,3560,35,,0,0,NA,NA
3560069,CSD,Rat Portage 38A (IRI),29.6436,171,245,62,3560,35,,NA,NA,NA,NA
3560070,CSD,Deer Lake (IRI),13.6526,1087,330,262,3560,35,,0,0,NA,NA
3560071,CSD,Sandy Lake 88 (IRI),44.3142,2100,568,493,3560,35,,0,0,NA,NA
3560075,CSD,Kitchenuhmaykoosib Aaki 84 (IRI),277.0135,1029,289,276,3560,35,,0,0,NA,NA
3560076,CSD,Sachigo Lake 1 (IRI),30.0728,608,175,163,3560,35,,0,0,NA,NA
3560077,CSD,Pikangikum 14 (IRI),8.3858,0,0,0,3560,35,,NA,NA,NA,NA
3560078,CSD,Fort Severn 89 (IRI),42.64,364,92,92,3560,35,,0,0,NA,NA
3560079,CSD,Webequie (IRI),320.3531,723,171,166,3560,35,,0,0,NA,NA
3560080,CSD,North Spirit Lake (IRI),18.2061,265,91,81,3560,35,,0,0,NA,NA
3560081,CSD,Lansdowne House (S-É),1.1526,0,0,0,3560,35,,NA,NA,NA,NA
3560082,CSD,Shoal Lake (Part) 40 (IRI),4.8659,96,33,31,3560,35,,NA,NA,NA,NA
3560083,CSD,Whitefish Bay 34A (IRI),5.5007,125,40,35,3560,35,,NA,NA,NA,NA
3560084,CSD,Wabauskang 21 (IRI),30.682,57,24,20,3560,35,,NA,NA,NA,NA
3560085,CSD,Wunnumin 1 (IRI),64.0005,587,145,129,3560,35,,0,0,NA,NA
3560086,CSD,Summer Beaver (S-É),15.3947,355,113,87,3560,35,,0,0,NA,NA
3560088,CSD,Wapekeka 2 (IRI),27.1955,456,135,117,3560,35,,0,0,NA,NA
3560089,CSD,The Dalles 38C (IRI),33.6915,180,66,62,3560,35,,NA,NA,NA,NA
3560090,CSD,"Kenora, Unorganized (NO)",388982.1976,7475,7310,3272,3560,35,,275,2955,584,670
3560091,CSD,Peawanuck (S-É),3.2214,247,97,90,3560,35,,NA,NA,NA,NA
3560093,CSD,Neskantaga (IRI),10.0494,244,89,75,3560,35,,NA,NA,NA,NA
3560095,CSD,Bearskin Lake (IRI),144.9326,447,152,126,3560,35,,0,0,NA,NA
3560096,CSD,Kasabonika Lake (IRI),101.7303,1060,252,228,3560,35,,0,0,NA,NA
3560097,CSD,Muskrat Dam Lake (IRI),24.7125,0,0,0,3560,35,,NA,NA,NA,NA
3560098,CSD,Kingfisher Lake 1 (IRI),9.1173,511,127,117,3560,35,,0,0,NA,NA
3560100,CSD,Wawakapewin (IRI),53.0382,16,14,9,3560,35,,NA,NA,NA,NA
3560104,CSD,Kee-Way-Win (IRI),182.4503,409,95,92,3560,35,,0,0,NA,NA
